backdrop_path,first_air_date,genre_ids,id,name,origin_country,original_language,original_name,overview,popularity,poster_path,vote_average,vote_count
/r1e0lDIsezrklektX82AetUHr5m.jpg,2017-02-08,"[10759, 10765]",67195,Legion,['US'],en,Legion,"David Haller, AKA Legion, is a troubled young man who may be more than human. Diagnosed as schizophrenic, David has been in and out of psychiatric hospitals for years. But after a strange encounter with a fellow patient, he’s confronted with the possibility that the voices he hears and the visions he sees might be real.",47.874,/vT0Zsbm4GWd7llNjgWEtwY0CqOv.jpg,7.6,1065
/sSVmLcHMrOtZapIY0ip6M7shMjA.jpg,2014-10-13,"[35, 18]",61418,Jane the Virgin,['US'],en,Jane the Virgin,"A comedy-drama following a chaste young woman who is accidentally impregnated via artificial insemination as she struggles to inform her devoutly religious family and make the right choices concerning the child. Based on the telenovela ""Juana la virgen.""",112.22,/DRRHgvsNEfBloMgIP8bBw4zi4E.jpg,8,668
/2MoGj8pxVHgyBb3mAsfhYO67j5h.jpg,2017-01-18,"[10768, 18, 80, 10759]",66871,SIX,['US'],en,SIX,Action drama series inspired by the real missions of Navy SEAL Team Six.,43.218,/doqvfJojBwtprn3qPxb4ndO3lom.jpg,7.4,427
/zQ23AcMVtKCDNBVJhfS4P7W8bzY.jpg,2011-09-20,"[80, 18, 9648]",39276,Unforgettable,['US'],en,Unforgettable,"Former Syracuse, New York, police detective Carrie Wells has hyperthymesia, a rare medical condition that gives her the ability to visually remember everything. She reluctantly joins the New York City Police Department's Queens homicide unit after her former boyfriend and partner asks for help with solving a case. The move allows her to try to find out the one thing she has been unable to remember, which is what happened the day her sister was murdered.",40.878,/e2dAn2rf2CfYIt9HNN06GFOSfxi.jpg,7.2,234
/aKYAuHyDIGnIAd35UAv1cpYWPWL.jpg,2017-12-06,"[10759, 18]",73117,Knightfall,['US'],en,Knightfall,Go deep into the clandestine world of the legendary brotherhood of warrior monks known as The Knights Templar.,33.496,/5T3VJOF4ti3ep6JXqSgyzSGdv0h.jpg,7,242
/x3i8okUNTx0s7A7DlXAZjlxHFP5.jpg,2006-10-01,"[80, 18, 9648]",1405,Dexter,['US'],en,Dexter,"Dexter Morgan, a blood spatter pattern analyst for the Miami Metro Police also leads a secret life as a serial killer, hunting down criminals who have slipped through the cracks of justice.",118.019,/58H6Ctze1nnpS0s9vPmAAzPcipR.jpg,8.2,2913
/vIZws4xW6ZwNZ9tNmY0mlG0jdH0.jpg,2013-09-05,[99],62291,Ultimate Airport Dubai,['AE'],en,Ultimate Airport Dubai,"Less than 55 years ago, Dubai International Airport was a vast desert of sand.

Today, it is a modern mecca of international air travel.

With a staggering 344,000 flights, 57 million passengers and 2 million tons of cargo flying in and out each year, it is the worlds third busiest airport for international passengers.

In Ultimate Airport Dubai, step behind-the-scenes of Dubai Internationals three massive terminals, including Terminal 3 the largest building on earth by floor space, measuring 359 football pitches in size!

With unprecedented access to all facets of this mega facility, the series follows some of the 60,000 staff working hard to keep it safe, secure, and on schedule.",3.867,/bjKzQoPs4M5AOGTRFKAse6mMEA4.jpg,7.8,5
/gXCgmUIXp7YbrLZxkIzBE8fCD3N.jpg,2014-05-26,"[99, 10768]",61132,The World Wars,['US'],en,The World Wars,"The story of three decades of war told through the eyes of various men who were its key players: Roosevelt, Hitler, Patton, Mussolini, Churchill, Tojo, DeGaulle and MacArthur. The series examines the two wars as one contiguous timeline starting in 1914 and concluding in 1945 with these unique individuals coming of age in World War I before ultimately calling the shots in World War II.",7.512,/y3KL7tlWsaLpB7zL1yAO5BZhoXG.jpg,7.9,11
/kFxhKp8QVD0LbmteTA3UIfNlvCX.jpg,2015-09-27,"[80, 18, 9648]",62816,Quantico,['US'],en,Quantico,"A diverse group of recruits has arrived at the FBI Quantico Base for training. They are the best, the brightest and the most vetted, so it seems impossible that one of them is suspected of masterminding the biggest attack on New York City since 9/11.",46.681,/3ofY2mALEiE0QDyRlVOV3sDNMYC.jpg,6.5,499
/jdri5Eu0yQfPe6h0MbOM7hbXrZC.jpg,2012-09-28,"[10759, 16, 10762, 10765]",51817,Teenage Mutant Ninja Turtles,['US'],en,Teenage Mutant Ninja Turtles,"The Teenage Mutant Ninja Turtles are back in an all-new animated series on Nickelodeon! Surfacing topside for the first time on their fifteenth birthday, the titular turtles, Leonardo, Michelangelo, Raphael and Donatello, find that life out of the sewers isn't exactly what they thought it would be. Now the turtles must work together as a team to take on new enemies that arise to take over New York City.",67.304,/ncSzMsFCy5HXQzo3JBgxkX10FER.jpg,8.2,452
/pSzi3aQRaNSvzwgqy2VEsXeC2Jm.jpg,2011-01-24,"[16, 10751, 10762]",39107,Bubble Guppies,['US'],en,Bubble Guppies,"The adventures of seven fish-tailed kids- Molly, Gil, Oona, Deema, Nonny, Goby, and Zooli!",33.349,/mxZOTFDGsvQ7YD2zxWrWVInqBxw.jpg,8.1,25
/jL2cwqjeTCQN7jZQLwl081kejyM.jpg,2017-04-16,[18],70215,The White Princess,['US'],en,The White Princess,"The story of Elizabeth of York, the White Queen's daughter, and her marriage to the Lancaster victor, Henry VII. Based on the Philippa Gregory book of the same name.",52.346,/8urYFWrEd8ue94Fm4JpHccQg3M7.jpg,7.9,184
/2Ne8sYfnnRVl9BaghudN8bSkMnW.jpg,1997-03-31,"[10751, 10762]",1682,Teletubbies,['GB'],en,Teletubbies,"Pre-school fun, fantasy and education with colourful rotund characters Tinky Winky, Dipsy, Laa-Laa and Po in a magical land called Teletubbyland.",37.572,/orb9uGxgXs1Lo69SWwWeS5MxA2l.jpg,3.8,91
/xCxqONPF5HzwPDIapgxdMNZXiqy.jpg,2003-09-02,[16],20517,Rubbadubbers,['GB'],en,Rubbadubbers,The Rubbadubbers is a British stop motion animation children's show from Hot Animation which is owned by HIT Entertainment.,3.551,/AkeCYiHTyI2yeUj651Pf26UJ5gu.jpg,7.5,2
/oEKbj7OAKJzK8iTZc4C59dVI87G.jpg,2010-08-17,"[18, 35]",31936,Melissa & Joey,['US'],en,Melissa & Joey,"Mel is a local politician from a political family. When a family scandal leaves her niece, Lennox, and nephew, Ryder, without their parents, Mel takes them in. She hires Joe to become the family's male nanny, or ""manny,"" after a Ponzi scheme leaves him broke.",19.272,/fTl1DSKH2VP5o70b44wsYJLn1xP.jpg,6.9,77
/mCwQJqyuCFlbFyJR5sWg3PqtHEN.jpg,2013-04-04,"[18, 80]",40008,Hannibal,['US'],en,Hannibal,"Both a gift and a curse, Graham has the extraordinary ability to think like his prey—he sees what they see, feels what they feel. But while Graham is pursuing an especially troubling, cannibalistic murderer, Special Agent Jack Crawford teams him with a highly respected psychiatrist – a man with a taste for the criminal minded – Dr. Hannibal Lecter.",83.838,/imzvb941su6uhQ158GGurk7vF28.jpg,8.2,1673
/oYnQ8dnj0uCpa4OotxlKLDh5BrB.jpg,2015-04-05,[18],61702,American Odyssey,['US'],en,American Odyssey,"In this ""Traffic""-like action drama, an international conspiracy explodes when three strangers' lives unexpectedly collide - a female soldier, a corporate lawyer and a political activist.",7.172,/zCkrtf8QWK09Udnnso6mqnIKniz.jpg,7.3,34
,,"[16, 10751]",9970,Franny's Feet,['CA'],en,Franny's Feet,"Franny's Feet is a Canadian animated series for children. It is produced by DHX Media/Halifax Film in Toronto, Ontario, Canada and created by Cathy Moss and Susan Nielsen. The show follows the adventures of four-year-old Frances ""Franny"" Fantootsie as she tries on various pairs of shoes and travels to different places in the world. Its very first appearance was on Ask.com/television in September 2001; it later appeared on CBC Television on January 1, 2004, then began to air on Family the following September, and was introduced to PBS Kids Sprout in the U.S. beginning in June 2006. In the U.K., it has aired on Discovery Kids UK, Channel Five, Playhouse Disney UK and Tiny Pop. A fourth season began in September 2009.",4.718,/4TOCge6NsMOrCIQYMmudDbTpepc.jpg,7.3,4
/72n9YumBVjjs1SESbmmgs534LSe.jpg,2011-10-02,"[18, 10759, 80, 10768]",1407,Homeland,['US'],en,Homeland,"CIA officer Carrie Mathison is tops in her field despite being bipolar, which makes her volatile and unpredictable. With the help of her long-time mentor Saul Berenson, Carrie fearlessly risks everything, including her personal well-being and even sanity, at every turn.",74.538,/6GAvS2e6VIRsms9FpVt33PsCoEW.jpg,7.5,1630
/w4X5M6NliJ8CGKQsB9SOjoFGg03.jpg,2001-08-08,"[16, 10751, 10762]",13712,Oswald,['US'],en,Oswald,"A story of a blue octopus and his dog that looks like a hotdog, named Weenie, and their friends like Daisy the daisy, and Henry the penguin. They go on adventures in their town that usually involves a problem that needs to be solved.",8.663,/aliNWfXb6XvyYSFR8CevBCzMW4h.jpg,6.8,21
/4g0tKve1NVKQ9pv7un3nsnrSk0F.jpg,2015-06-15,"[18, 99]",62336,The Making of The Mob,['US'],en,The Making of The Mob,"A docudrama series chronicling some of America's most notorious mobsters, each season dealing with a different city/region.",7.764,/s51fAUjd6RWILFetPBSvqpxT5s7.jpg,6.7,26
/sh8VTWog9ogT70NWLcJxQf4K2iz.jpg,2012-10-11,"[18, 10765]",44606,Beauty and the Beast,['US'],en,Beauty and the Beast,"Detective Catherine Chandler is a smart, no-nonsense homicide detective. When she was a teenager, she witnessed the murder of her mother at the hands of two gunmen and herself was saved by someone – or something. Years have passed and while investigating a murder, Catherine discovers a clue that leads her to Vincent Keller, who was reportedly killed in 2002. Catherine learns that Vincent is actually still alive and that it was he who saved her many years before. For mysterious reasons that have forced him to live outside of traditional society, Vincent has been in hiding for the past 10 years to guard his secret – when he is enraged, he becomes a terrifying beast, unable to control his super-strength and heightened senses.",39.854,/5HpLiEoOFN5KdT6C8YKyCweFZU2.jpg,7.5,330
,2011-10-31,"[10759, 16]",46860,Mike the Knight,['CA'],en,Mike the Knight,"Mike the Knight is a Canadian/British animated television series created by Alexander Bar and written by Marc Seal. It currently airs on Treehouse TV in Canada, Nickelodeon and Nick Jr. in the United States and CBeebies in the United Kingdom.",3.772,/jSAkhYH7XRIxfBQIemiwG8JcOWb.jpg,6.5,4
/vQwKpCOG2MM4F6dFCvxkzb1Pz1K.jpg,2015-08-22,[35],62238,Blunt Talk,['US'],en,Blunt Talk,A British newscaster moves to Los Angeles with his alcoholic manservant and the baggage of several failed marriages to host a sanctimonious talk show.,5.037,/tPPJbwR1Z1zZzTvXTu3DaCfUpgk.jpg,6.8,44
/nWw20ipGipwdOyLTkFfX2Uz4Grp.jpg,2005-09-22,"[80, 18, 9648]",4057,Criminal Minds,['US'],en,Criminal Minds,"An elite team of FBI profilers analyze the country's most twisted criminal minds, anticipating their next moves before they strike again. The Behavioral Analysis Unit's most experienced agent is David Rossi, a founding member of the BAU who returns to help the team solve new cases.",457.15,/7TCwgX7oQKxcWYEhSPRmaHe6ULN.jpg,8.3,2858
/pXwEO7OYA7LhVPYyGIIqa58wwcF.jpg,2011-11-06,"[10759, 18, 37]",1401,Hell on Wheels,['US'],en,Hell on Wheels,"The epic story of post-Civil War America, focusing on Cullen Bohannon, a Confederate soldier who sets out to exact revenge on the Union soldiers who killed his wife. His journey takes him west to Hell on Wheels, a dangerous, raucous, lawless melting pot of a town that travels with and services the construction of the first transcontinental railroad, an engineering feat unprecedented for its time.",32.046,/w24HTBQG6bYMlWUKSrv1uceVfXF.jpg,7.6,313
/7SaMwhMNRLhuiUlXB79sNiwUxlY.jpg,2006-10-16,[16],3278,Numberjacks,['GB'],en,Numberjacks,Numberjacks is a children's British television series that originally aired in the UK between 2006 and 2009. Re-runs of the episodes are shown regularly on CBeebies and occasionally on BBC2. It is produced by Open Mind Productions for the BBC and features a mixture of computer-generated animation and live action.,7.217,/eVDyaVswkgcMXEdPSpMaYxv5Fnd.jpg,6,3
/hiK4qc0tZijQ9KNUnBIS1k4tdMJ.jpg,2004-11-16,"[18, 35, 9648]",1408,House,['US'],en,House,"Dr. Gregory House, a drug-addicted, unconventional, misanthropic medical genius, leads a team of diagnosticians at the fictional Princeton–Plainsboro Teaching Hospital in New Jersey.",322.92,/lkvhReTBZ2Ksl0Dl5Oplsf6UYkF.jpg,8.6,4516
/x3d4F6O36Sg3wyUfY5aqFrXyx0h.jpg,2013-06-16,[18],57092,The White Queen,['GB'],en,The White Queen,"Set against the backdrop of the Wars of the Roses, the series is the story of the women caught up in the protracted conflict for the throne of England.",24.834,/8dB8lh4OeQZz0A3gDu5aKwm25kU.jpg,7.2,212
/jb2GmlAALi4t8ugNFDuz12HF89w.jpg,2012-10-15,"[10759, 16, 35, 10765]",46994,Slugterra,['CA'],en,Slugterra,"Following his father's death, 15-year-old Eli Shane embraces his destiny to follow in his dad's footsteps to a secret, subterranean world called Slugterra where he is determined to be the greatest Slugslinging hero of them all!",78.897,/hbAHSGKr0aJStev8w5ebWWZboh1.jpg,8.3,621
/5VKxIBSMVZxIKqJVPNThAnjgcOS.jpg,2005-08-07,"[18, 35, 80]",186,Weeds,['US'],en,Weeds,"After the unexpected death of her husband, a suburban mom resorts to selling weed to support her family.",70.872,/gKUsBTa5b0GY7U4iWBseeBalfjO.jpg,7.4,610
/1SEVAgbaah9wE5xoLt4qWPMBdpL.jpg,2015-06-24,"[80, 18]",62560,Mr. Robot,['US'],en,Mr. Robot,"A contemporary and culturally resonant drama about a young programmer, Elliot, who suffers from a debilitating anti-social disorder and decides that he can only connect to people by hacking them. He wields his skills as a weapon to protect the people that he cares about. Elliot will find himself in the intersection between a cybersecurity firm he works for and the underworld organizations that are recruiting him to bring down corporate America.",91.32,/oKIBhzZzDX07SoE2bOLhq2EE8rf.jpg,8.2,3361
/rUJ49zLaoBVjsxfRUiCsXNdOYBW.jpg,2014-10-13,"[10762, 16, 10751]",64198,Blaze and the Monster Machines,['US'],en,Blaze and the Monster Machines,"AJ is an 8-year-old techie who drives monster-truck Blaze, the top racer in Axle City. The two go on adventures that have them taking on problems involving science and math. Many predicaments they face are caused by Blaze's rival, Crusher, a tractor-trailer that will do anything to beat other vehicles to the finish line. The animated series is billed as the first TV show for preschoolers to comprehensively cover areas of science, technology, engineering and math. Each episode introduces different STEM concepts, including buoyancy and trajectory.",46.315,/vDTuk6TxOzjzHzrcOw0w27nwHa6.jpg,5.9,17
/qjLhvqCF3obSjLIkWv56SN5SQxJ.jpg,2021-06-17,[35],119243,iCarly,['US'],en,iCarly,"Ten years after signing off of one of TV's most iconic shows, Carly, Spencer, and Freddie are back, navigating the next chapter of their lives, facing the uncertainties of life in their twenties.",270.04,/fb1xE9XHRwX9FK7UiVJDepQKo26.jpg,7.6,623
/78s4wDyITtvjMRHHn2Rk7IPCtcg.jpg,2015-03-20,[18],61986,Bloodline,['US'],en,Bloodline,"A dramatic thriller that explores the demons lurking beneath the surface of a contemporary American family. The Rayburns are hard-working pillars of their Florida Keys community. But when the black sheep son comes home for the 45th anniversary of his parents' hotel, he threatens to expose the Rayburns' dark secrets and shameful past, pushing his siblings to the limits of family loyalty.",19.603,/cfBrSeWvztjEibGKRBMEkSZgzNh.jpg,7.3,236
/pOU3IrRJ1lAruhYxmFf1lg1P8zE.jpg,2013-10-14,"[10759, 35, 10751, 10765]",58981,The Thundermans,['US'],en,The Thundermans,"Meet The Thundermans, a typical suburban family that happens to have astounding superpowers. At the center of the action are the 14-year-old Thunderman twins, who share the same bathroom, the same school, and the same annoying little siblings. Their only difference? The sister is a super student with a super sunny disposition who super looks forward to being a superhero someday, and her twin brother is a super villain.",45.931,/mjbjpF2vIfunNd0JPE1UCvB7akr.jpg,8.1,462
/4EvgShbukpyeLBu0BKYNCyQi27y.jpg,2000-08-14,"[10759, 16, 10751, 10762]",79,Dora the Explorer,['US'],en,Dora the Explorer,A young girl named Dora goes on adventures with her red boot-wearing monkey named Boots.,91.536,/wuZAi6JPdlX68s1p7iztmt0p13C.jpg,6.1,185
,,"[16, 35]",20831,Doodlez,['CA'],en,Doodlez,"Doodlez is a Canadian series of animated shorts produced for television by Cellar Door Productions, animated by Trapeze Animation Studios Ltd., which started airing on Teletoon in 2002. It could be seen on Nicktoons Network,.",1.417,,0,0
/tsRy63Mu5cu8etL1X7ZLyf7UP1M.jpg,2008-01-20,[18],1396,Breaking Bad,['US'],en,Breaking Bad,"When Walter White, a New Mexico chemistry teacher, is diagnosed with Stage III cancer and given a prognosis of only two years left to live. He becomes filled with a sense of fearlessness and an unrelenting desire to secure his family's financial future at any cost as he enters the dangerous world of drugs and crime.",393.646,/ggFHVNu6YYI5L9pCfOacjizRGt.jpg,8.8,8576
/cZkrSdH7G1aHNrWiK83BixCFWD0.jpg,2014-10-04,[18],61469,Survivor's Remorse,['US'],en,Survivor's Remorse,"Cam Calloway is about to find out the price he'll pay for stardom, love and loyalty. A basketball star in his early 20s, Calloway's life changes after he signs a multimillion-dollar contract with a team in Atlanta. He arrives in Georgia bright-eyed and eager to begin his career, joined by cousin and confidant Reggie Vaughn, who tries to keep Cam focused and free from distractions caused by Cam's blunt-but-loyal sister M-Chuck and opportunistic mom Cassie. Feeling a responsibility to support needy family and friends, Cam wrestles with the rewards and pitfalls of sudden wealth and fame.",6.803,/13TrR8n9m7f60MddXF5wmWiXzwm.jpg,7.4,19
,2005-04-11,[16],1713,King Arthur's Disasters,['GB'],en,King Arthur's Disasters,"King Arthur's Disasters is a British animated series which first aired on CITV, a now defunct programming block on ITV1. The series was Co-Created by Paul Parkes and Will Ashurst, the series follows and depicts attempts by King Arthur, assisted by the wizard Merlin, to woo the beautiful self-obsessed Princess Guinevere. Due to the popularity of the show, it was picked up for a second series which began transmission on CITV from 6 November 2005. Both were Executive Produced by Genevieve Dexter

King Arthur's Disasters was the highest rated new CITV show during Spring 2005. It regularly achieved an audience share of over 20% of kids and it regularly won its time slot against CBBC. In 2006 the show was nominated for a children's BAFTA for Best Animation, however lost to The Amazing Adrenalini Brothers.",2.244,/h3hoBsJmNrKhgJPKGl9qwmXzqot.jpg,3.5,2
/D2DL5b9HBAy9jST2ZaDJLNHEsY.jpg,2014-06-07,"[80, 18]",54650,Power,['US'],en,Power,"A successful New York entrepreneur lives a double life as the head of a drug empire that serves only the rich and influential, all while wanting to escape the underworld and keep his family safe.",48.205,/ctftzvyj8b0odco7EoS9VfJhf7K.jpg,7.7,1033
/isPWZirQUCHpQ8aJZHa5s3EVXv1.jpg,2016-01-21,"[10759, 10765, 18]",62643,DC's Legends of Tomorrow,['US'],en,DC's Legends of Tomorrow,"When heroes alone are not enough ... the world needs legends. Having seen the future, one he will desperately try to prevent from happening, time-traveling rogue Rip Hunter is tasked with assembling a disparate group of both heroes and villains to confront an unstoppable threat — one in which not only is the planet at stake, but all of time itself. Can this ragtag team defeat an immortal threat unlike anything they have ever known?",145.844,/AcEFDh272YVTR6B6zrrusk8BjJG.jpg,7.4,1912
/ciPayBurt18UQw2D2yNBDdXw2Zg.jpg,2021-08-20,"[18, 35]",99657,The Chair,['US'],en,The Chair,"At a major university, the first woman of color to become chair tries to meet the dizzying demands and high expectations of a failing English department.",4.905,/kz14K7vI2KNGyfTyBnYjBpA0pzQ.jpg,7.1,57
/41yaWnIT8AjIHiULHtTbKNzZTjc.jpg,2014-10-07,"[18, 10765]",60735,The Flash,['US'],en,The Flash,"After a particle accelerator causes a freak storm, CSI Investigator Barry Allen is struck by lightning and falls into a coma. Months later he awakens with the power of super speed, granting him the ability to move through Central City like an unseen guardian angel. Though initially excited by his newfound powers, Barry is shocked to discover he is not the only ""meta-human"" who was created in the wake of the accelerator explosion -- and not everyone is using their new powers for good. Barry partners with S.T.A.R. Labs and dedicates his life to protect the innocent. For now, only a few close friends and associates know that Barry is literally the fastest man alive, but it won't be long before the world learns what Barry Allen has become...The Flash.",1072.243,/lJA2RCMfsWoskqlQhXPSLFQGXEJ.jpg,7.8,9536
/abmwQvkZh6yufaodYwnOV15EST0.jpg,2011-09-19,"[10759, 16, 35, 10765]",39898,Kung Fu Panda: Legends of Awesomeness,['US'],en,Kung Fu Panda: Legends of Awesomeness,A martial-arts loving panda gets help from his mentor and friends as he becomes a warrior and protects the valley where he lives.,38.602,/rkq5Jt7boR5v65bDbELHz3DW7sv.jpg,7.1,58
/4EvgShbukpyeLBu0BKYNCyQi27y.jpg,2000-08-14,"[10759, 16, 10751, 10762]",79,Dora the Explorer,['US'],en,Dora the Explorer,A young girl named Dora goes on adventures with her red boot-wearing monkey named Boots.,91.536,/wuZAi6JPdlX68s1p7iztmt0p13C.jpg,6.1,185
/fvcpnw0HeNUiKJMsrJnGuQN260M.jpg,2010-09-05,[16],39914,Oscar's Oasis,['FR'],en,Oscar's Oasis,"Oscar's Oasis is a is non-verbal animated cartoon produced by TeamTO and Tuba Entertainment in association with Cake Entertainment based on the original show broadcast on Disney Channel Asia. It started as a series of 1-2 minute shorts under the title Ooohhh Asis. Oscar's Oasis can be viewed on the Nintendo 3DS in 3D via Nintendo Video in Australia and Europe. In the United States, all 78 episodes can be seen on Netflix Streaming grouped into 19 meta-episodes of 4 episodes each and 1 meta-episode containing the last 2 episodes. In Latin America and Brazil, the Spanish and Portuguese dub airs on Cartoon Network Latin America.",6.345,/wk7dZ7qoocFZqzvr37SfO5nKncr.jpg,7.3,7
/dYJrfkQeqGXeGMMTvYaM43XHce5.jpg,2015-09-21,"[80, 18, 10759]",62710,Blindspot,['US'],en,Blindspot,"A vast international plot explodes when a beautiful Jane Doe is discovered naked in Times Square, completely covered in mysterious, intricate tattoos with no memory of who she is or how she got there. But there's one tattoo that is impossible to miss: the name of FBI agent Kurt Weller, emblazoned across her back. ""Jane,"" Agent Weller and the rest of the FBI quickly realize that each mark on her body is a crime to solve, leading them closer to the truth about her identity and the mysteries to be revealed.",118.226,/4AeYzamQmd9Fa6hawDmYKbdvBSe.jpg,7.4,2095
,2012-09-09,[],7202,International Hareport,['FR'],en,International Hareport,"International Hareport is an upcoming computer-animated television series produced by France's independent TeamTO, with the support of the Centre National de la Cinématographie. The series was first proposed at 2006's Cartoon Forum. It is also being made by Filmwerken and ViviFilms.

The show's main characters are Fred and Ned, two hares who decide to build an international airport on their own garden after discovering that all animals can finally fly.",0.679,,0,0
/dJpFogmD3rIAuT3ga8KZghl9l1j.jpg,2012-01-31,[35],43082,Key & Peele,['US'],en,Key & Peele,"Key & Peele is an American sketch comedy television show. It stars Keegan-Michael Key and Jordan Peele, both former cast members of MADtv. Each episode of the show consists of several pre-taped sketches starring the two actors, introduced by Key and Peele in front of a live studio audience.",19.566,/qxBLWVlKLj04LECpPNBn825ZPf7.jpg,7.6,107
/jP0dqtRbMtwL9IxSblp4WD7eA68.jpg,2012-07-20,"[18, 10759]",52103,Gangsters: America's Most Evil,['US'],en,Gangsters: America's Most Evil,"A cinematic documentary series that explores the rise and fall of some of the most nefarious and notorious criminals brought to justice by the United States government. From thugs to lethal beauties, outlaws to kingpins, each episode profiles these gangsters and reveals their sinister motives, transgressions and the circumstances that eventually led to their downfall.",7.204,/xIsIE0CGmDwj5eyDzDbdulyLBYI.jpg,0,0
/tyyiT4NmEMve2bn6aXGZyguK9xg.jpg,2008-09-29,"[16, 10762]",20407,Chuggington,['GB'],en,Chuggington,"Koko, Brewster and Wilson are three young, adventurous trainee ""chuggers"", learning about working on the railway in the town of Chuggington, with the help of the railway controller, Vee, the older engines, and their human friends.",29.984,/7LsJcmPIHmbpbO1NceqPPRbSfwL.jpg,7.6,15
/11ihDM8QlLI0BIOGPQpgQ5MfH1n.jpg,2015-01-16,"[10765, 18]",60948,12 Monkeys,['US'],en,12 Monkeys,"The provocative story of Cole, a time traveler from a decimated future in a high-stakes race against the clock. Utilizing a dangerous and untested method of time travel, he journeys from 2043 to the present day on a mission to locate and eradicate the source of a deadly plague that will all but annihilate the human race.",56.753,/tPX5Jg29XSx05qNterYGYGKbh3o.jpg,7.4,833
/wZswJCnl9WveBB8VuIYv8awdu6Z.jpg,2010-08-16,[35],32406,The Big C,['US'],en,The Big C,A suburban mother faces her cancer diagnosis while trying to find humor and happiness as well.,8.797,/72M9N5bONawkSifdfjNlryWZ2uM.jpg,7.2,62
/jgb9xICHFX8wTGQ75js4uNbttQs.jpg,2015-10-26,"[18, 10765, 10759]",62688,Supergirl,['US'],en,Supergirl,"Twenty-four-year-old Kara Zor-El, who was taken in by the Danvers family when she was 13 after being sent away from Krypton, must learn to embrace her powers after previously hiding them. The Danvers teach her to be careful with her powers, until she has to reveal them during an unexpected disaster, setting her on her journey of heroism.",197.728,/zsaiq8ZclPuneuN7loLEbsh1ANJ.jpg,7.3,3627
,2016-07-01,[],88664,Ya Reit,[],en,Ya Reit,"O Rit TV series directed by Philip Asmar, written by Claudia Marshalian, and starring Maggie Bou Ghosn, Qais Sheikh Najib, Maxim Khalil, Pamela Kake Hani Adel Mona Wasef Joseph Bo Nassar.",0.6,,0,0
/MaQ7hbNsiJ30p14UgRdEnXDGMH.jpg,2015-01-06,"[18, 10765]",61550,Marvel's Agent Carter,['US'],en,Marvel's Agent Carter,"It's 1946, and peace has dealt Peggy Carter a serious blow as she finds herself marginalized when the men return home from fighting abroad. Working for the covert SSR (Strategic Scientific Reserve), Peggy must balance doing administrative work and going on secret missions for Howard Stark all while trying to navigate life as a single woman in America, in the wake of losing the love of her life - Steve Rogers.",51.055,/7kqIsjjDMZA5GRMH5VCdQYZJqc6.jpg,7.6,1367
/j2OM4hTMUG5yL96qvV7Kz7t6YWK.jpg,2005-10-28,"[18, 9648, 80, 10765]",3470,Masters of Horror,['US'],en,Masters of Horror,An anthology series written and directed by the most famous names in horror.,15.327,/65QVXDWvWi1IN1Wd6FiPLhmYUMy.jpg,7.1,209
/s3pypVJf05ELPCUA6jSW381nLwm.jpg,2013-03-18,"[18, 80, 9648]",46786,Bates Motel,['US'],en,Bates Motel,"A ""contemporary prequel"" to the 1960 film Psycho, depicting the life of Norman Bates and his mother Norma prior to the events portrayed in Hitchcock's film, albeit in a different fictional town and in a modern setting. The series begins after the death of Norma's husband, when she purchases a motel located in a coastal Oregon town so she and Norman can start a new life.",81.248,/xXKcfZE7ulYxgjjYv51s0zDG69s.jpg,8.1,1205
/4qdkdsmC3vHLs2WUF3ICmSMYeW8.jpg,2007-08-20,"[16, 10751]",14759,Yo Gabba Gabba!,['US'],en,Yo Gabba Gabba!,"Yo Gabba Gabba! is an American children's television show that airs on the Nick Jr. cable network in the United States and the Nick Jr. networks in the United Kingdom & Ireland, Italy, France and Australia as well as Treehouse TV network in Canada and RTE2 on RTÉjr in Ireland.   The show stars five costumed toys-come-to-life and their friend DJ Lance Rock, who explore a single topic in each episode through songs and short storylines in the half-hour program while teaching children life and social skills.  It also encourages viewers to move along with and dance with the characters in the program. The show is noted for its indie-culture guest stars and bands, and for drawing visual inspiration from 8-bit video games and H. R. Pufnstuff.

Created by Christian Jacobs and Scott Schultz, the show is produced by The Magic Store Productions and Wild Brain. The series premiered August 20, 2007 on Nickelodeon as part of its Nick Jr. block, and began broadcasting in reruns on February 23, 2008 on the Nick Jr. TV Channel.  On April 30, 2008 the television show received a Daytime Emmy nomination for Outstanding Achievement in Costume Design/Styling.",11.082,/m4ZmvnSBpd7CaHQ1PL3LKujFXWq.jpg,6.8,12
/1daNZnQmn3UOWGjsv18d4q0CUUd.jpg,2017-11-05,"[35, 18]",71733,SMILF,['US'],en,SMILF,"A raw and honest comedic look at a single, 20-something from Southie whose desires for relationships, sex, and a career collide with the realities of young, single motherhood.",18.068,/yrHVP3NQgvMwGhjcA9W49P7uE4O.jpg,6.2,38
,2014-08-18,"[16, 10762]",64401,Dora and Friends: Into the City!,['US'],en,Dora and Friends: Into the City!,"Dora goes to school and lives in Playa Verde, which is a city. Together with the explorer girls Emma, Kate, Naiya, and Alana and her only male companion, Pablo, Dora and her friends work together and go on amazing adventures while discovering the secrets of their city. Dora has a magical charm bracelet and a smart phone, complete with an app version of the previous Map to aid her. Her friend Kate is fond of drama, while Emma loves music. Alana is tomboyish but loves animals, Naiya is smart and loves to read, and Pablo loves playing soccer.",13.699,/sn9S1JmujZgkOzrrlbPzs2U3GjV.jpg,8.8,5
/rMbHGg9J5jnhuIX0Lkv4r7yZ7QI.jpg,1999-08-30,"[10759, 16]",20992,Sonic Underground,"['FR', 'US']",en,Sonic Underground,"Sonic, Sonia, and Manic are the children of Queen Aleena Hedgehog, the rightful ruler of Mobius, and are pursued relentlessly by Doctor Robotnik and his bumbling bounty hunters sidekicks, Sleet and Dingo. As infants, the siblings were separated and placed in hiding to fulfill a prophecy made by the Oracle of Delphius that the triplets would grow up to find their estranged mother, overthrow Robotnik, and take their places once more as Mobius' rightful rulers.",45.255,/rVjYevHn5RxkIkk4SwNnqIS8LJB.jpg,7,112
,2014-06-29,[],82307,Viva Atata,[],ar,فيفا أطاطا,"The series revolves around the old woman (Ata) who causes problems for herself and those around her, then she enters the prison after being accused of committing a crime, and raises some crises inside the prison and causes many problems for the prison warden, whose daughter suffers from a mental illness that makes her separate from reality and lives with the mentality of a small child, and that she You'll be cured of this psychological knot after meeting Ata Which will tell stories from the past until he is cured.",0.845,,0,0
/1uJaqlVeZ5MQvwCX7TRwf3dIduA.jpg,2014-10-12,[18],61463,The Affair,['US'],en,The Affair,"The Affair explores the emotional effects of an extramarital relationship between Noah Solloway and Alison Lockhart after the two meet in the resort town of Montauk in Long Island. Noah is a New York City schoolteacher with one novel published (book entitled A Person who Visits a Place) and he is struggling to write a second book. He is happily married with four children, but resents his dependence on his wealthy father-in-law. Alison is a young waitress trying to piece her life and marriage back together in the wake of the tragic death of her child. The story of the affair is told separately, complete with distinct memory biases, from the male and female perspectives.",30.305,/8scKJeu6GoxMqpt7UO5aMeU0TOn.jpg,6.6,276
/7Zb9hm24sxz2Mv7BKjyYkr3q0bz.jpg,2015-10-31,"[35, 10759, 10765]",62264,Ash vs Evil Dead,['US'],en,Ash vs Evil Dead,"Bruce Campbell reprises his role as Ash Williams, an aging lothario and chainsaw-handed monster hunter who’s spent the last three decades avoiding maturity, and the terrors of the Evil Dead. But when a Deadite plague threatens to destroy all of mankind, he’s forced to face his demons — both metaphorical and literal.",42.599,/9tNtSk46s3f1ePr59p0JG6uacc8.jpg,7.7,1222
,2012-06-25,[99],55412,I killed my BFF,[],en,I killed my BFF,,1.4,,4.5,2
/7SmW5MO1MIPp5nBxRnPGbLU7fZ0.jpg,2017-01-07,"[18, 9648]",65708,Taboo,"['GB', 'US']",en,Taboo,Adventurer James Keziah Delaney returns to London from Africa in 1814 along with fourteen stolen diamonds to seek vengeance after the death of his father.,43.565,/om1wVOuEtwH3krHutIWO9sJzkS5.jpg,7.9,843
/21cpRlJ8KVvpIqvOPfW66PxSGzT.jpg,2014-04-15,"[80, 18]",60622,Fargo,['US'],en,Fargo,"A close-knit anthology series dealing with stories involving malice, violence and murder based in and around Minnesota.",99.971,/9ZIhl17uFlXCNUputSEDHwZYIEJ.jpg,8.3,1781
/tLwEXm2nG64Tce00d59rPNI8ePh.jpg,2013-01-30,"[80, 18]",46533,The Americans,['US'],en,The Americans,"Set during the Cold War period in the 1980s, The Americans is the story of Elizabeth and Philip Jennings, two Soviet KGB officers posing as an American married couple in the suburbs of Washington D.C. and their neighbor, Stan Beeman, an FBI Counterintelligence agent.",51.904,/qB7WPVQnmODg2mZ1xUmPOrCa0wL.jpg,7.9,629
/gZzIQxo2ukFSdZGtlttA0wI6kax.jpg,2011-06-05,"[10765, 18]",34524,Teen Wolf,['US'],en,Teen Wolf,"Scott McCall, a high school student living in the town of Beacon Hills has his life drastically changed when he's bitten by a werewolf, becoming one himself. He must henceforth learn to balance his problematic new identity with his day-to-day teenage life. The following characters are instrumental to his struggle: Stiles, his best friend; Allison, his love interest who comes from a family of werewolf hunters; and Derek, a mysterious werewolf with a dark past. Throughout the series, he strives to keep his loved ones safe while maintaining normal relationships with them.",309.219,/vY2vfAskJTiWsQSv6bdbNCQhPLm.jpg,8.6,3166
,2008-06-11,[16],62307,"Milly, Molly",[],en,"Milly, Molly","Milly and Molly may look quite different, but they are the best of friends. This charming new series follows the adventures of our two heroines and their friends in a small country town. Exciting, poignant and funny, Milly, Molly celebrates difference and promotes acceptance of diversity. Each episode has a subtle message about values such as honesty, persistence and responsibility, as well as showing life skills like dealing with bullying and forgiveness. Together Milly and Molly always manage to have fun as they face the world and its complexities.",0.6,,0,0
/sABDsMQOJyf6SCqnX1EnukF8aAq.jpg,2008-09-03,"[80, 18]",1409,Sons of Anarchy,['US'],en,Sons of Anarchy,"An adrenalized drama with darkly comedic undertones that explores a notorious outlaw motorcycle club’s (MC) desire to protect its livelihood while ensuring that their simple, sheltered town of Charming, California remains exactly that, charming. The MC must confront threats from drug dealers, corporate developers, and overzealous law officers. Behind the MC’s familial lifestyle and legally thriving automotive shop is a ruthless and illegal arms business driven by the seduction of money, power, and blood.",125.925,/ujpOMxs5mjRrhgTgOgZj9fqEsgY.jpg,8.4,1992
/gcWImj7xkfmsEb8UEA1w4VZwbQX.jpg,2016-06-03,"[9648, 18, 10765]",64394,Outcast,['US'],en,Outcast,"Kyle Barnes has been plagued by possession since he was a child. Now an adult, he embarks on a spiritual journey to find answers, but what he uncovers could mean the end of life on Earth as we know it.",11.883,/x6ZCpAPDTAHuNxBGq5nU4nqpfYA.jpg,7.2,375
/btmQDXFn72Q4yJcnewEt1pkFPer.jpg,2016-08-23,[],89385,سيرة حب,[],ar,سيرة حب,,10.105,/5ePW12jO3qy5rTKh3x8UhEhmPrF.jpg,0,0
/xQjQ1UgMpTrahnqkMqYB0d3oCjU.jpg,2012-06-28,[35],42878,Anger Management,['US'],en,Anger Management,"Charlie is a non-traditional therapist specializing in anger management. He has a successful private practice and he performs pro bono counseling for an inmate group at a state prison. Prior to his career as a therapist, he was a major league baseball player whose career was put on the shelf for good by his own struggle with anger issues.",30.288,/vfWOzdgf9eB7IjZ9VqgXiWbxJ65.jpg,6.2,168
/wg8bwGWOGF1MXOXiqOo4cnh7jee.jpg,1998-01-01,"[16, 10751, 10762]",3218,Caillou,['CA'],fr,Caillou,"Caillou is an educational Canadian children's television series, based on the books by author Christine L'Heureux and illustrator Hélène Desputeaux. During the first season, many of the stories in the animated version began with a grandmother introducing the story to her grandchildren, then reading the story about the book. Since 1997, the narrator/grandmother is an unseen character. Caillou first aired on Canada's Teletoon channel in 1998; it later made its United States debut in English on Public Broadcasting Service Public television on September 4, 2000 A 5th Season came out in 2013 = and it airs on PBS Kids. Caillou also airs on PBS Sprout.",28.694,/rDm7q3rR2HDQGJg3JW0I9QJAoMK.jpg,5.4,30
/zqheuQ9RKoBZBv7IJUXXLwy5PcP.jpg,2013-06-23,"[18, 9648]",44242,Devious Maids,['US'],en,Devious Maids,"The series centers on four Latina maids working in the homes of Beverly Hills’ wealthiest and most powerful families, and a newcomer who made it personal after a maid was murdered and determined to uncover the truth behind her demise, and in the process become an ally in their lives.",33.379,/gn61HHk9KRa9RKeFCz476EqLR61.jpg,7.1,96
/4qESvubmZ7H9Wth8c1SCuJkK0EA.jpg,2015-05-14,"[18, 9648, 10765]",53425,Wayward Pines,['US'],en,Wayward Pines,"Imagine the perfect American town... beautiful homes, manicured lawns, children playing safely in the streets. Now imagine never being able to leave. You have no communication with the outside world. You think you're going insane. You must be in Wayward Pines.",22.533,/mK9MowBCPEn7RbsDXqN0MxyPc4.jpg,6.8,583
/z1ozzJ7AFvyMoYFKZhCblUzISX1.jpg,2008-11-28,"[16, 35]",7869,The Penguins of Madagascar,['US'],en,The Penguins of Madagascar,"The Penguins of Madagascar is an American CGI animated television series airing on Nickelodeon. It stars nine characters from the DreamWorks Animation animated film Madagascar: The penguins Skipper, Kowalski, Private, and Rico; the lemurs King Julien, Maurice, and Mort; and Mason and Phil the chimpanzees. Characters new to the series include Marlene the otter and a zookeeper named Alice. It is the first Nicktoon produced with DreamWorks Animation.

A pilot episode, ""Gone in a Flash"", aired as part of ""Superstuffed Nicktoons Weekend"" on November 29, 2008, and The Penguins of Madagascar became a regular series on March 28, 2009. The series premiere drew 6.1 million viewers, setting a new record as the most-watched premiere.

Although the series occasionally alludes to the rest of the franchise, The Penguins of Madagascar does not take place at a precise time within it. McGrath, who is also the co-creator of the film characters, has said that the series takes place ""not specifically before or after the movie, I just wanted them all back at the zoo. I think of it as taking place in a parallel universe.""",83.409,/1fRG81M83HgwupmndtgZQOBHh8o.jpg,7.2,156
/tPlXc9AFVa0E9tPw8bs1nS5Zbx6.jpg,2013-12-18,[18],64257,The Great Train Robbery,['GB'],en,The Great Train Robbery,"8 August 1963: Britain wakes up to news of the biggest robbery in the country’s history. A train has been hijacked and robbed, 35 miles from its arrival in central London. The country is stunned. Who could be behind it? How did they pull off such an audacious raid?",11.595,/rUbTniOTYkXjIUFh8QlTNEjbkpn.jpg,6.8,35
/dp4eaBQwxHgX5ALQABgd2Hrtm7O.jpg,2014-06-24,"[18, 10768]",60972,Tyrant,['US'],en,Tyrant,"The story of an unassuming American family drawn into the workings of a turbulent Middle Eastern nation. Bassam ""Barry"" Al Fayeed, the younger son of the dictator of a war-torn nation, ends a self-imposed 20-year exile to return to his homeland, accompanied by his American wife and children, for his nephew's wedding. Barry’s reluctant homecoming leads to a dramatic clash of cultures as he is thrown back into the familial and national politics of his youth.",19.947,/14xKxbF3Si8m5u0m5yPj9ZGlEkj.jpg,6.7,117
/oIjAz9Q0QNt9s4fnuiWLLM4xsJC.jpg,2016-09-06,"[35, 18]",65495,Atlanta,['US'],en,Atlanta,Two cousins work through the Atlanta music scene in order to better their lives and the lives of their families.,45.871,/tCeTU943Edni7MtJPkVb1uNxJUD.jpg,8,404
/jFclWhCwbW6r7ecQ3vF83QXnEWJ.jpg,2016-01-17,[18],62852,Billions,['US'],en,Billions,"A complex drama about power politics in the world of New York high finance. 

Shrewd, savvy U.S. Attorney Chuck Rhoades and the brilliant, ambitious hedge fund king Bobby ""Axe"" Axelrod are on an explosive collision course, with each using all of his considerable smarts, power and influence to outmaneuver the other. The stakes are in the billions in this timely, provocative series.",102.338,/edwYPQdZE998d748AdwWLsfy0rl.jpg,7.7,624
,2010-10-03,[],38968,Wild Animal Baby Explorers,[],en,Wild Animal Baby Explorers,"Wild Animal Baby Explorers is a television show designed to introduce preschoolers to the world of animals and help them develop important observation, problem-solving and listening skills. The series combines 3D animated characters and wildlife footage to introduce animal facts and nurture young viewers’ inherent love for nature. The show is based on Wild Animal Baby, a children's nature magazine published by the National Wildlife Federation.

The lyrics to the shows song are ""Let's explore, more and more. There's so much to learn and see.""

Each episode is 13 minutes, with two per viewing time. Wild Animal Baby Explorers airs on local PBS stations.

The National Captioning Institute close captioned the show when seen on PBS Kids in the USA.",0.6,,0,0
/wvdWb5kTQipdMDqCclC6Y3zr4j3.jpg,2010-10-31,"[10759, 18, 10765]",1402,The Walking Dead,['US'],en,The Walking Dead,Sheriff's deputy Rick Grimes awakens from a coma to find a post-apocalyptic world dominated by flesh-eating zombies. He sets out to find his family and encounters many other survivors along the way.,1377.194,/xf9wuDcqlUPWABZNeDKPbZUjWx0.jpg,8.1,12907
/4g0tKve1NVKQ9pv7un3nsnrSk0F.jpg,2015-06-15,"[18, 99]",62336,The Making of The Mob,['US'],en,The Making of The Mob,"A docudrama series chronicling some of America's most notorious mobsters, each season dealing with a different city/region.",7.764,/s51fAUjd6RWILFetPBSvqpxT5s7.jpg,6.7,26
/6W8zEF5jE9ErdhzatZBVI7fkpsP.jpg,2021-11-28,"[10764, 10751]",133723,Harry Potter: Hogwarts Tournament of Houses,['US'],en,Harry Potter: Hogwarts Tournament of Houses,Wizarding World fans put their Harry Potter knowledge to the test for the ultimate honor to be named House Cup champion.,262.762,/tEHHfzqHnfNJUp4L30wQeYl2xRo.jpg,7.6,211
/5BMwFwNzSidVYArn561acqtktxv.jpg,2005-09-19,[35],1100,How I Met Your Mother,['US'],en,How I Met Your Mother,A father recounts to his children - through a series of flashbacks - the journey he and his four best friends took leading up to him meeting their mother.,235.483,/dvxSvr6OmYGvvt8Z1VdBlPfL1Lf.jpg,8.2,3315
/d6sUSb83506swwVLq7WOKMwE01W.jpg,1990-04-08,"[18, 9648]",1920,Twin Peaks,['US'],en,Twin Peaks,The body of Laura Palmer is washed up on a beach near the small Washington state town of Twin Peaks. FBI Special Agent Dale Cooper is called in to investigate her strange demise only to uncover a web of mystery that ultimately leads him deep into the heart of the surrounding woodland and his very own soul.,81.396,/lA9CNSdo50iQPZ8A2fyVpMvJZAf.jpg,8.2,1360
/o9YZvh82gSfkZuScn4XM9xeNeCY.jpg,2017-09-26,"[80, 18]",72496,Law & Order True Crime,['US'],en,Law & Order True Crime,"An anthology series that delves into the players, the crime and the media circus, detailing the day-to-day battles of the trial and unveiling the shocking truth of what really went down when the cameras stopped rolling.",16.415,/14T6cTwynqxU10e1cCnSc75AcNa.jpg,7.4,56
/z8gaAjx7rSXKJHynMKbPVYJR2pg.jpg,2008-09-01,[16],21086,Animal Mechanicals,"['CA', 'GB']",en,Animal Mechanicals,"Animal Mechanicals is a Decode Entertainment television series created by Jeff Rosen and produced by Halifax Film, a DHX Media Company, in association with CBC.

Animal Mechanicals Rex, Unicorn, Komodo, Mouse, and Sasquatch, live and play in a place unlike any other; a colorful ""snap-together-take-apart"" world which can also transform. Things are always popping up, changing shape and most of all presenting challenges to the animal mechanicals. In each adventure the animal mechanicals get their new mission from Island Owl who displays images on her face, which changes to a screen. Each adventure has a variety of small challenges to overcome on the road to accomplishing the mission they are given. The challenges vary requiring the animal mechanicals to use their wide array of unique transformed ""Mechana"" abilities. The animal mechanicals must decide who should face each challenge.",4.016,/nmLKVSUnhM4AYTY5vevJDHrY97a.jpg,5.3,3
/v2b4GxILejrDk8Y0WLzTZqkM39Z.jpg,2007-03-19,[10762],3048,In the Night Garden,['GB'],en,In the Night Garden,In the Night Garden is a magical place that exists between the waking and sleeping imagination of children close to the representation of a nursery rhyme.,12.337,/qD5xsX8aPNYHATq6f28WVQslpqq.jpg,4.8,4
,2010-05-03,"[16, 10762]",73573,Everything's Rosie,[],en,Everything's Rosie,Rosie lives in a playhouse with her colourful group of friends. Together they embark on adventures as they learn the meaning of true friendship.,1.248,/N8YD9mljwX9EHMzzX7U0UbkKcj.jpg,10,1
/dpzC0ACzwkVporKvzZGvNFOBFr6.jpg,2005-03-27,[18],1416,Grey's Anatomy,['US'],en,Grey's Anatomy,Follows the personal and professional lives of a group of doctors at Seattle’s Grey Sloan Memorial Hospital.,1089.529,/zPIug5giU8oug6Xes5K1sTfQJxY.jpg,8.3,7894
/dQLpDcHFMbVV33cRxJcnrCKsuWt.jpg,2018-01-18,"[18, 10765, 10759]",70484,Britannia,['GB'],en,Britannia,An epic drama set in 43AD as the Roman Imperial Army – determined and terrified in equal measure - returns to crush the Celtic heart of Britannia - a mysterious land ruled by warrior women and powerful druids who can channel the powerful forces of the underworld. Or so they say.,46.912,/fjdXymXAas9NSehc6GCOHQcEM05.jpg,7,128
/adIUBf4yewQ2uFAXrrPTcVbhFUn.jpg,2011-06-01,"[18, 35]",33301,Franklin & Bash,['US'],en,Franklin & Bash,"When they're not hanging out at their favorite hot dog stand pontificating on what they'd go through to enjoy a night with their favorite female celebrities, Jared Franklin and Peter Bash are chasing down their latest clients...sometimes literally. With business cards in hand, they're ready to nab a client within seconds after a car accident, arrest for solicitation or any other incident where their legal services may be needed. Once in the courtroom, they show their flair for the dramatic and the shocking.",19.763,/so3xbOsAcG5lkxgfRjHbTFkXxM0.jpg,7.3,56
/f8suwmcabeTAq8GO9RzK1eUBxMc.jpg,2010-10-10,"[16, 35, 10765, 10762]",33765,My Little Pony: Friendship Is Magic,"['CA', 'US']",en,My Little Pony: Friendship Is Magic,"""Get your muzzle out of those books and make some friends!"" That's what Princess Celestia tells Twilight Sparkle. She may be the smartest unicorn in Equestria, but Twilight Sparkle gets an ""incomplete"" in friendship. There's more to life than learning magic, after all -- so she goes to Ponyville on a mission to make friends. There she meets five special ponies who take her on exciting adventures and teach her the most powerful magic of all ... the magic of friendship!",92.088,/fwW7WgJIjhBsnzk87Gyh6g9187m.jpg,8,432
/gToI5Q9I30Yyx6efnsAg0JGapIU.jpg,2012-01-08,"[35, 18]",39702,House of Lies,['US'],en,House of Lies,"Charming, fast talking Marty Kaan and his crack team of management consultants know how to play the corporate game better than anyone, by using every dirty trick in the book to woo powerful CEOs and close huge deals. In the board rooms, barrooms, and bedrooms of the power elite, corruption is business as usual and everyone's out for themselves first. Nothing is sacred in this scathing, irreverent satire of corporate America today.",22.126,/9OXnuW1xJhx4nnUnmtV4904zSs5.jpg,6.6,127
/nK5ShXYgM6VZtk2uC9ccwdU71eC.jpg,2007-07-24,"[9648, 18, 80]",4920,Damages,['US'],en,Damages,"Damages is an American legal thriller television series created by the writing and production trio of Daniel Zelman and brothers Glenn and Todd A. Kessler. The plot revolves around the brilliant, ruthless lawyer Patty Hewes and her protégée, recent law school graduate Ellen Parsons. Each season features a major case that Hewes and her firm take on, while also examining a chapter of the complicated relationship between Ellen and Patty. The first two seasons center around the law firm Hewes & Associates. Later seasons center more on Patty and Ellen's relationship as Ellen begins to distance herself from Hewes & Associates and begins an independent career.",29.789,/bowEbW8Q3Oc02BvHBKTL5gWv9Nx.jpg,7.6,146
/nGFTegLPFXH2RzqNALTTh2I1fst.jpg,2013-04-19,[9648],42295,Hemlock Grove,['US'],en,Hemlock Grove,"One cannot quench his all-consuming thirst. The other cannot tame the beast clawing its way out. In the sleepy Pennsylvania village of Hemlock Grove, two young men struggle to accept painful truths: about family, themselves, the mystery of the White Tower - and a terrifying new threat so powerful it will turn them from predators into prey.",29.641,/sjGOYM7GTG03aWUZIFOUiFDTeoL.jpg,7.3,383
,,[],53046,Alo Hala,[],en,Alo Hala,,0.6,,0,0
/l0qVZIpXtIo7km9u5Yqh0nKPOr5.jpg,1994-09-22,"[35, 18]",1668,Friends,['US'],en,Friends,"Friends is an American television sitcom created by David Crane and Marta Kauffman, which aired on NBC from September 22, 1994, to May 6, 2004, lasting ten seasons. With an ensemble cast starring Jennifer Aniston, Courteney Cox, Lisa Kudrow, Matt LeBlanc, Matthew Perry and David Schwimmer, the show revolves around six friends in their 20s and 30s who live in Manhattan, New York City. The series was produced by Bright/Kauffman/Crane Productions, in association with Warner Bros. Television. The original executive producers were Kevin S. Bright, Kauffman, and Crane.",295.375,/f496cm9enuEsZkSPzCwnTESEK5s.jpg,8.5,5609
/50qeGH15CzWNsxRZj0JIitrid22.jpg,2005-12-10,"[10765, 10759]",6343,Painkiller Jane,"['US', 'CA']",en,Painkiller Jane,"Painkiller Jane is an American-Canadian science fiction and action television series based on the comic book character of the same name. Airing on the Sci Fi Channel in the US starting April 13, 2007 and Global in Canada, it starred Kristanna Loken as the titular character. On August 15, 2007, it was canceled after one season of 22 episodes.",9.712,/4fm2MBCpIqL3Be4TsFXNelIkbiw.jpg,6,30
,2021-11-15,[18],122551,Viral Scandal,['PH'],tl,Viral Scandal,The lives of a simple family becomes disrupted when a scandalous video involving their eldest daughter goes viral.,361.805,/zPsJG3DRDeZZCoja9nnU6p4d67V.jpg,5.5,2
,2011-05-16,"[9648, 99]",42840,Killer Kids,[],en,Killer Kids,"Killer Kids provides an in-depth profile of the lives of kids who kill. What can possibly motivate kids to commit criminal acts and even murder? From hate crimes to gang initiations, murders of family members to occult ceremonies, each case in the series exposes different motives and methods of murders by children.",3.03,/3NEqpd5S4QVssqtvZQU54RCZGe7.jpg,6.5,12
/4DgAubucJP6y2yX2Yx4CLEgdIPA.jpg,2006-09-25,"[10765, 18]",1639,Heroes,['US'],en,Heroes,Common people discover that they have super powers. Their lives intertwine as a devastating event must be prevented.,90.325,/7Cn1Sj5yipu7tBX14BbaXuBHbL1.jpg,7.5,1662
/sABDsMQOJyf6SCqnX1EnukF8aAq.jpg,2008-09-03,"[80, 18]",1409,Sons of Anarchy,['US'],en,Sons of Anarchy,"An adrenalized drama with darkly comedic undertones that explores a notorious outlaw motorcycle club’s (MC) desire to protect its livelihood while ensuring that their simple, sheltered town of Charming, California remains exactly that, charming. The MC must confront threats from drug dealers, corporate developers, and overzealous law officers. Behind the MC’s familial lifestyle and legally thriving automotive shop is a ruthless and illegal arms business driven by the seduction of money, power, and blood.",125.925,/ujpOMxs5mjRrhgTgOgZj9fqEsgY.jpg,8.4,1992
/j46QR6gV5GeopRDXe4TFDg7cPPC.jpg,2010-03-16,"[80, 18]",1436,Justified,['US'],en,Justified,"A character drama based on the 2001 Elmore Leonard short story ""Fire in the Hole."" Leonard's tale centers around U.S. Marshal Raylan Givens of Kentucky, a quiet but strong-willed official of the law. The tale covers his high-stakes job, as well as his strained relationships with his ex-wife and father.",41.519,/aVYuGDlOZMCRt89fAnHTYgk3BMr.jpg,8,473
/n1JtC5s7qw0WHKeMKncs87bHNNN.jpg,2015-05-28,"[18, 80]",61239,Aquarius,['US'],en,Aquarius,"In the late 1960s, a Los Angeles police sergeant with a complicated personal life starts tracking a small-time criminal and budding cult leader seeking out vulnerable women to join his “cause.” The name of that man is Charles Manson.",16.904,/dTihIjUI2ScBXVgcZiyTAq1PBBA.jpg,6.8,115
/mqb0IbCMX5dDZvmqIjY6rcDTeRG.jpg,2012-05-24,[35],42548,Men at Work,['US'],en,Men at Work,"Men at Work is an American comedy series that airs on TBS. The series was created by Breckin Meyer and stars Danny Masterson, Michael Cassidy, Adam Busch, James Lesure and Meredith Hagner. The series premiered on May 24, 2012 at 10 pm. TBS second season premiered on April 4, 2013 with another 10 episode season.",10.576,/roh8cMRx6BJhiwNNJwxFmQ9M6Bf.jpg,6.7,26
,2007-09-22,"[16, 35, 10759]",15288,Skunk Fu!,['IE'],en,Skunk Fu!,"Skunk Fu! is an Irish animated children's television series featuring the fables of anthropomorphic animals protecting their valley using martial arts. The show chronicles the adventures of young Skunk, training with his Kung Fu master, Panda, with support of Rabbit, Fox, Turtle, and others, who directly, or inadvertently, also help Skunk grow. The show received mixed reviews from critics and won the IFTA award for ""Best Animation"". In addition to an English sound track, an Irish language, French language, Japanese language and Dutch language soundtracks were initially produced.",0.916,/5GDbyMnT8O9tePXwEcCU9TsroMk.jpg,8,2
/5YX73OlbcpKbnYRZwPI3OVkP2AK.jpg,2014-05-05,"[18, 80, 10759]",119482,24: Live Another Day,[],en,24: Live Another Day,Jack Bauer comes out of hiding in London to stop a huge terrorist attack on British soil.,4.474,/ePRRiC23ZmbADpqGMOUApet3jEo.jpg,7.6,41
/thXO4bz8NwSzAtkQe1P1xJUjyoY.jpg,2014-07-09,"[10765, 18]",58111,Extant,['US'],en,Extant,An astronaut returns home from a year long solo mission in space. She tries to reconnect with her husband and son in their everyday life. Her experiences in space and home lead to events that ultimately will change the course of human history.,24.674,/nFwqHXoP1FxFbd8G8dY13y9bfAX.jpg,6.3,245
/9yxDAdbBqiZn8j93nzJMlQJDZur.jpg,2016-01-07,"[18, 80]",64433,Shades of Blue,['US'],en,Shades of Blue,"Sexy New York detective and single mother Harlee Santos fell in with a tight-knit group of dirty cops, taking bribes and protection money that she uses to provide the best life for her honest, talented daughter. But when she's trapped by the FBI and forced to inform on her own ""brothers,"" she'll have to walk the fine line between love, loyalty, honor and betrayal, and try to keep it together for her daughter's future.",23.615,/kSCnmyWycGsxu8BgSoyM8GYsZck.jpg,7.3,219
/32iacqVElB91YZKl9Ky3QEEkXtH.jpg,2014-05-11,"[10765, 18, 9648]",54671,Penny Dreadful,['US'],en,Penny Dreadful,"Some of literature's most terrifying characters, including Dr. Frankenstein, Dorian Gray, and iconic figures from the novel Dracula are lurking in the darkest corners of Victorian London. Penny Dreadful is a frightening psychological thriller that weaves together these classic horror origin stories into a new adult drama.",36.244,/hQSdrXBYTbLGHYDIseHkBOPXTgL.jpg,7.9,986
/uPoPcVwRbHG34p0VwzGQ4aXb8n2.jpg,2015-09-24,[10765],60858,Heroes Reborn,['US'],en,Heroes Reborn,"The supernatural phenomenon begins again with a fresh crop of inspiring heroes who take on the ultimate struggle between those with extraordinary abilities and those with nefarious motives to hunt and harness their powers. Epic adventures await these newly empowered allies as they cross paths with some of the original characters, unlocking the mysterious fate of the universe and their place within it.",21.987,/48xcu8ymIhk40YgqUmzYaKiUbhz.jpg,6.9,394
/o9pR2ve46mVMEaFggDJydk6Q1ry.jpg,2013-06-30,[18],1423,Ray Donovan,['US'],en,Ray Donovan,"Set in the sprawling mecca of the rich and famous, Ray Donovan does the dirty work for LA's top power players, and makes their problems disappear. His father's unexpected release from prison sets off a chain of events that shakes the Donovan family to its core.",61.24,/zxftW7ZGVrOCqH2ifuruieCTb5X.jpg,7.5,568
/wIe1HL7oMNwyltsqqx2sCPwNl4w.jpg,1984-10-09,"[16, 10762]",2304,Thomas & Friends,['GB'],en,Thomas & Friends,"Thomas & Friends is a British children's television series, which had its first broadcast on the ITV network on 4 September 1984. It is based on The Railway Series of books by the Reverend Wilbert Awdry and his son, Christopher Awdry. These books deal with the adventures of a group of anthropomorphised locomotives and road vehicles who live on the fictional Island of Sodor. The books were based on stories Wilbert told to entertain his son, Christopher during his recovery from measles. From Series one to four, many of the stories are based on events from Awdry's personal experience.",85.572,/s8RtAklJqHo6iMtKz1FIVBm92R2.jpg,6.6,67
/7YePIKnObV6NB8Kp80nk9sbcFSS.jpg,2012-03-30,[18],38967,Magic City,['US'],en,Magic City,"Set in 1959 Miami, Florida shortly after the Cuban Revolution, Magic City tells the story of Ike Evans, the owner of Miami's most glamorous hotel, the Miramar Playa. Evans is forced to make an ill-fated deal with Miami mob boss Ben Diamond to ensure the success of his glitzy establishment.",10.867,/g06xRDpwPmhFuhqx0srjM8oqwn3.jpg,6.8,56
/nc1muJ5nPsALTcuFtDnVcMivNca.jpg,2014-06-01,[18],59659,Halt and Catch Fire,['US'],en,Halt and Catch Fire,"Set in the early 1980s, and about a fictional visionary, an engineer and a prodigy whose innovations confronts the corporate behemoths of the time. Their personal and professional partnership will be challenged by greed and ego while charting the changing culture in Texas' Silicon Prairie.",35.207,/l4qvJ0lq59wR3ODX42DxBVFGoxx.jpg,8,327
/lHe8iwM4Cdm6RSEiara4PN8ZcBd.jpg,2013-03-03,"[10759, 18, 10768]",44217,Vikings,['CA'],en,Vikings,"The adventures of Ragnar Lothbrok, the greatest hero of his age. The series tells the sagas of Ragnar's band of Viking brothers and his family, as he rises to become King of the Viking tribes. As well as being a fearless warrior, Ragnar embodies the Norse traditions of devotion to the gods. Legend has it that he was a direct descendant of Odin, the god of war and warriors.",548.123,/bQLrHIRNEkE3PdIWQrZHynQZazu.jpg,8.1,5344
/cKsmzu5YpayNxc6Gs9KD8wyJV8M.jpg,2007-04-01,"[18, 10749]",2942,The Tudors,['US'],en,The Tudors,"The Tudors is a history-based drama series following the young, vibrant King Henry VIII, a competitive and lustful monarch who navigates the intrigues of the English court and the human heart with equal vigor and justifiable suspicion.",42.036,/1ohemLJzAzDcO3aJXb0k46FiCx9.jpg,7.8,458
/xxBB3y7Q9h9qRN5bggjb0ZZ4ZWc.jpg,2006-04-10,[16],2424,Pinky Dinky Doo,['US'],en,Pinky Dinky Doo,Pinky Dinky Doo dances her way into her Story Box to tell stories and solve problems using her big imagination and fancy words.,3.483,/aphrMB7w0O2WDIGFWQsMcLyW17S.jpg,6.7,3
/czpfLUoJt7uPQf2i7S2Mo2cwRGl.jpg,2014-09-24,[35],61381,black-ish,['US'],en,black-ish,"A family man struggles to gain a sense of cultural identity while raising his kids in a predominantly white, upper-middle-class neighborhood.",69.727,/ga1zJ6UejPIfyL8BA22pK6dqsC8.jpg,7.4,234
/A0NXRICa49gpCtGDm778JMb4EyL.jpg,2015-01-07,"[18, 10402]",61733,Empire,['US'],en,Empire,A powerful family drama about the head of a music empire whose three sons and ex-wife all battle for his throne.,32.553,/gTrzYR6gWMhQ8yINW9JCLeoJHvf.jpg,7.1,644
/rZj50NwfIq9e7p3qktWaamz5qcQ.jpg,2015-06-30,[18],62517,Zoo,['US'],en,Zoo,"Set amidst a wave of violent animal attacks sweeping across the planet, a young renegade scientist is thrust into a race to unlock the mystery behind this pandemic before time runs out for animals and humans alike.",48.141,/6Fp49zU7FjsJ4xvvZjCZBiBq9KQ.jpg,6.6,422
/nmjerNLKYeEAato5LxcTBhHaM07.jpg,1986-05-28,"[16, 35, 10762]",9262,Pingu,"['CH', 'GB']",en,Pingu,"Playful penguin Pingu lives with his family in Antarctica, where he often finds himself caught up in mischievous high jinks with his pal Robby.",59.882,/fBnhZLMcJ8WNrZJiN11vpq4FekL.jpg,6.8,76
/7OrV2aAH5Yp7hA9zCCvUloLvZtl.jpg,2013-08-12,"[16, 10762]",57532,PAW Patrol,['US'],en,PAW Patrol,PAW Patrol is a CG action-adventure for old children and preschool series starring a pack of six heroic puppies led by a tech-savvy 10-year-old boy named Ryder.,191.46,/tzGxAzpuGIp66d0vZzW5ycoWAsU.jpg,6.9,509
/eVKY6ag2w0XWVSEP9mNZGoUAgVn.jpg,2010-10-03,"[10751, 10762, 16]",38965,Angelo Rules,"['FR', 'CA', 'US']",en,Angelo Rules,"Angelo is the kid who tries to be the wise guy. He is constantly coming up with plans and strategies to get out of trouble. ... Angelo isn't put off by the natural setbacks most kid have to confront: like parents, siblings and rules but that doesn't deter him.",23.085,/vvH2VBpGvXJh9MROeTHrlaVIS4p.jpg,6.9,9
/sOBK7XRjdEmcgeMTMzX0A7ed0S.jpg,2018-02-11,"[16, 35]",75804,Our Cartoon President,['US'],en,Our Cartoon President,"A hilarious look into the Trump presidency, animation style. Starring two-dimensional avatars of Donald Trump and his merry band of insiders and family members, this cutting-edge comedy presents the truish adventures of Trump, his confidants and bon vivants through the eyes of an imaginary documentary crew.",9.716,/pVmH4R0d34UHH3n9ODWbPC3ALn7.jpg,5.9,19
/be6mDIMv7cg8duWkcYVnTB8rphO.jpg,2001-11-06,"[10759, 18]",1973,24,['US'],en,24,"24 is an American television series produced for the Fox network and syndicated worldwide, starring Kiefer Sutherland as Counter Terrorist Unit agent Jack Bauer. Each 24-episode season covers 24 hours in the life of Bauer, using the real time method of narration.",127.266,/iq6yrZ5LEDXf1ArCOYLq8PIUBpV.jpg,7.8,1072
/AhcPiOviZ36mE5DjkX3aI9zIQJ9.jpg,2002-10-20,"[99, 10764, 10767]",45,Top Gear,['GB'],en,Top Gear,"This fast-paced and stunt-filled motor show tests whether cars, both mundane and extraordinary, live up to their manufacturers' claims. The long-running show travels to locations around the world, performing extreme stunts and challenges to see what the featured cars are capable of doing. The current hosts are Paddy Mcguinness, Chris Harris and Andrew ""Freddie"" Flintoff.",52.079,/aqM6QnuhSXzjHlKbXyKUqxaGiWu.jpg,7.4,537
